567862,missing customer ID
567861,missing customer ID
567863,missing customer ID
560717,missing customer ID
560591,missing customer ID
560573,missing customer ID
560658,missing customer ID
560755,missing customer ID
560575,missing customer ID
560737,missing customer ID
560719,missing customer ID
560722,missing customer ID
560583,missing customer ID
560565,missing customer ID
560730,missing customer ID
560600,missing customer ID
560567,missing customer ID
560578,missing customer ID
560867,missing customer ID
560779,missing customer ID
560775,missing customer ID
560830,missing customer ID
560889,missing customer ID
560900,missing customer ID
560819,missing customer ID
C560823,missing customer ID
560778,missing customer ID
560773,missing customer ID
560777,missing customer ID
560780,missing customer ID
560865,missing customer ID
560890,missing customer ID
C560822,missing customer ID
560857,missing customer ID
C560825,missing customer ID
560923,missing customer ID
560831,missing customer ID
560772,missing customer ID
561000,missing customer ID
560939,missing customer ID
560993,missing customer ID
561080,missing customer ID
560986,missing customer ID
560940,missing customer ID
560999,missing customer ID
560926,missing customer ID
561086,missing customer ID
560995,missing customer ID
560941,missing customer ID
560938,missing customer ID
561255,missing customer ID
561251,missing customer ID
561218,missing customer ID
561214,missing customer ID
561108,missing customer ID
561243,missing customer ID
561254,missing customer ID
561250,missing customer ID
561327,missing customer ID
561091,missing customer ID
561282,missing customer ID
561271,missing customer ID
561110,missing customer ID
561103,missing customer ID
561253,missing customer ID
561323,missing customer ID
561217,missing customer ID
561107,missing customer ID
561090,missing customer ID
561333,missing customer ID
561209,missing customer ID
C561239,missing customer ID
561256,missing customer ID
561249,missing customer ID
561245,missing customer ID
561252,missing customer ID
561326,missing customer ID
561499,missing customer ID
561477,missing customer ID
561484,missing customer ID
561495,missing customer ID
561503,missing customer ID
561480,missing customer ID
561367,missing customer ID
561543,missing customer ID
561565,missing customer ID
561392,missing customer ID
561525,missing customer ID
561536,missing customer ID
561491,missing customer ID
561496,missing customer ID
561555,missing customer ID
561492,missing customer ID
561540,missing customer ID
561504,missing customer ID
561481,missing customer ID
561526,missing customer ID
561371,missing customer ID
561515,missing customer ID
561478,missing customer ID
561364,missing customer ID
561500,missing customer ID
561489,missing customer ID
561354,missing customer ID
561541,missing customer ID
561475,missing customer ID
561497,missing customer ID
561486,missing customer ID
561527,missing customer ID
561509,missing customer ID
561516,missing customer ID
561538,missing customer ID
561361,missing customer ID
561372,missing customer ID
561369,missing customer ID
561501,missing customer ID
561505,missing customer ID
561479,missing customer ID
561493,missing customer ID
561482,missing customer ID
561523,missing customer ID
561365,missing customer ID
561553,missing customer ID
561539,missing customer ID
561490,missing customer ID
561557,missing customer ID
561513,missing customer ID
561609,missing customer ID
561487,missing customer ID
561362,missing customer ID
561483,missing customer ID
561506,missing customer ID
561524,missing customer ID
561494,missing customer ID
561498,missing customer ID
561476,missing customer ID
561651,missing customer ID
561691,missing customer ID
561820,missing customer ID
561666,missing customer ID
561673,missing customer ID
561640,missing customer ID
561660,missing customer ID
561639,missing customer ID
561668,missing customer ID
561812,missing customer ID
561805,missing customer ID
561665,missing customer ID
561674,missing customer ID
561667,missing customer ID
561663,missing customer ID
561652,missing customer ID
561927,missing customer ID
C562062,missing customer ID
561919,missing customer ID
562024,missing customer ID
561892,missing customer ID
C561966,missing customer ID
561921,missing customer ID
C562086,missing customer ID
561918,missing customer ID
C562030,missing customer ID
561924,missing customer ID
561920,missing customer ID
562278,missing customer ID
562135,missing customer ID
562113,missing customer ID
562212,missing customer ID
562164,missing customer ID
562225,missing customer ID
562104,missing customer ID
562215,missing customer ID
562134,missing customer ID
562279,missing customer ID
562264,missing customer ID
562114,missing customer ID
562383,missing customer ID
562417,missing customer ID
562420,missing customer ID
562350,missing customer ID
562464,missing customer ID
562530,missing customer ID
562390,missing customer ID
562548,missing customer ID
562544,missing customer ID
562463,missing customer ID
562382,missing customer ID
562386,missing customer ID
562546,missing customer ID
562391,missing customer ID
562384,missing customer ID
562547,missing customer ID
562536,missing customer ID
562352,missing customer ID
562385,missing customer ID
C562617,missing customer ID
562553,missing customer ID
562715,missing customer ID
562588,missing customer ID
562717,missing customer ID
562714,missing customer ID
562653,missing customer ID
562933,missing customer ID
562805,missing customer ID
562937,missing customer ID
562843,missing customer ID
562916,missing customer ID
562934,missing customer ID
562945,missing customer ID
562846,missing customer ID
562855,missing customer ID
562936,missing customer ID
562785,missing customer ID
563190,missing customer ID
563088,missing customer ID
563015,missing customer ID
A563186,missing customer ID
563093,missing customer ID
563101,missing customer ID
563105,missing customer ID
562955,missing customer ID
A563185,missing customer ID
563025,missing customer ID
563102,missing customer ID
563106,missing customer ID
563160,missing customer ID
563108,missing customer ID
563027,missing customer ID
563148,missing customer ID
A563187,missing customer ID
563359,missing customer ID
563193,missing customer ID
563447,missing customer ID
563439,missing customer ID
563244,missing customer ID
563195,missing customer ID
563445,missing customer ID
563449,missing customer ID
563547,missing customer ID
563480,missing customer ID
C563537,missing customer ID
C563536,missing customer ID
563652,missing customer ID
563568,missing customer ID
563579,missing customer ID
C563535,missing customer ID
563453,missing customer ID
563549,missing customer ID
563687,missing customer ID
563650,missing customer ID
563452,missing customer ID
563467,missing customer ID
563701,missing customer ID
563704,missing customer ID
563715,missing customer ID
563700,missing customer ID
563820,missing customer ID
563930,missing customer ID
563717,missing customer ID
563702,missing customer ID
564087,missing customer ID
564021,missing customer ID
564018,missing customer ID
C564183,missing customer ID
564086,missing customer ID
564185,missing customer ID
564184,missing customer ID
564229,missing customer ID
564221,missing customer ID
564205,missing customer ID
C564341,missing customer ID
564230,missing customer ID
564220,missing customer ID
564365,missing customer ID
C564340,missing customer ID
564667,missing customer ID
564645,missing customer ID
564665,missing customer ID
C564486,missing customer ID
564533,missing customer ID
564646,missing customer ID
564628,missing customer ID
C564492,missing customer ID
C564498,missing customer ID
564516,missing customer ID
564644,missing customer ID
C564494,missing customer ID
564530,missing customer ID
564633,missing customer ID
564757,missing customer ID
564760,missing customer ID
564825,missing customer ID
564818,missing customer ID
564755,missing customer ID
564762,missing customer ID
564785,missing customer ID
564756,missing customer ID
564758,missing customer ID
564761,missing customer ID
564817,parse error: null
564820,missing customer ID
564754,missing customer ID
564837,missing customer ID
565049,missing customer ID
565063,missing customer ID
565052,missing customer ID
564914,missing customer ID
564954,missing customer ID
564925,missing customer ID
565081,missing customer ID
565070,missing customer ID
565045,missing customer ID
564929,missing customer ID
564921,missing customer ID
564918,missing customer ID
564840,missing customer ID
564844,missing customer ID
565046,missing customer ID
564951,missing customer ID
565071,missing customer ID
564915,missing customer ID
564838,missing customer ID
565060,missing customer ID
565042,missing customer ID
565057,missing customer ID
564926,missing customer ID
564919,missing customer ID
564922,missing customer ID
564841,missing customer ID
565055,missing customer ID
564917,missing customer ID
564847,missing customer ID
565048,missing customer ID
564920,missing customer ID
564924,missing customer ID
564928,missing customer ID
564857,missing customer ID
565047,missing customer ID
564927,missing customer ID
564974,missing customer ID
565076,missing customer ID
564923,missing customer ID
565043,missing customer ID
565072,missing customer ID
564835,missing customer ID
564916,missing customer ID
565069,missing customer ID
565302,missing customer ID
565232,missing customer ID
565306,missing customer ID
565303,missing customer ID
565307,missing customer ID
565314,missing customer ID
565233,missing customer ID
565310,missing customer ID
565288,missing customer ID
565275,missing customer ID
565286,missing customer ID
565297,missing customer ID
565231,missing customer ID
565308,missing customer ID
565296,missing customer ID
565319,missing customer ID
565234,missing customer ID
565304,missing customer ID
565370,missing customer ID
565378,missing customer ID
565455,missing customer ID
565389,missing customer ID
565400,missing customer ID
565396,missing customer ID
565385,missing customer ID
565371,missing customer ID
565346,missing customer ID
565368,missing customer ID
565369,missing customer ID
565376,missing customer ID
565545,missing customer ID
565798,missing customer ID
565556,missing customer ID
565797,missing customer ID
565764,missing customer ID
565544,missing customer ID
565767,missing customer ID
565617,missing customer ID
565543,missing customer ID
565755,missing customer ID
565919,missing customer ID
565852,missing customer ID
565841,missing customer ID
565927,missing customer ID
565938,missing customer ID
565840,missing customer ID
565935,missing customer ID
565917,missing customer ID
565928,missing customer ID
565847,missing customer ID
566122,missing customer ID
566221,missing customer ID
566067,missing customer ID
566065,missing customer ID
566164,missing customer ID
566072,missing customer ID
566179,missing customer ID
C566168,missing customer ID
566064,missing customer ID
566060,missing customer ID
566068,missing customer ID
566066,missing customer ID
566121,missing customer ID
566224,missing customer ID
566324,missing customer ID
566325,missing customer ID
566327,missing customer ID
566323,missing customer ID
566316,missing customer ID
566534,missing customer ID
566493,missing customer ID
566446,missing customer ID
C566579,missing customer ID
566574,missing customer ID
566476,missing customer ID
566577,missing customer ID
566573,missing customer ID
566449,missing customer ID
C566578,missing customer ID
566478,missing customer ID
566762,missing customer ID
566711,missing customer ID
566766,missing customer ID
566593,missing customer ID
566768,missing customer ID
566603,missing customer ID
566764,missing customer ID
566757,missing customer ID
566761,missing customer ID
566615,missing customer ID
566710,missing customer ID
566765,missing customer ID
566602,missing customer ID
566635,missing customer ID
566763,missing customer ID
566712,missing customer ID
566767,missing customer ID
566982,missing customer ID
566924,missing customer ID
567059,missing customer ID
C566899,missing customer ID
566787,missing customer ID
566949,missing customer ID
566985,missing customer ID
567061,missing customer ID
567058,missing customer ID
566952,missing customer ID
567057,missing customer ID
567064,missing customer ID
566977,missing customer ID
567060,missing customer ID
566874,missing customer ID
567024,missing customer ID
566983,missing customer ID
567056,missing customer ID
C566889,missing customer ID
567063,missing customer ID
567129,missing customer ID
567150,missing customer ID
567132,missing customer ID
567125,missing customer ID
567143,missing customer ID
567208,missing customer ID
567127,missing customer ID
567152,missing customer ID
567149,missing customer ID
567131,missing customer ID
567113,missing customer ID
567201,missing customer ID
567146,missing customer ID
C567136,missing customer ID
567135,missing customer ID
567137,missing customer ID
C567130,missing customer ID
567207,missing customer ID
567133,missing customer ID
567151,missing customer ID
567363,missing customer ID
567367,missing customer ID
567301,missing customer ID
567507,missing customer ID
567337,missing customer ID
C567352,missing customer ID
C567518,missing customer ID
567461,missing customer ID
567366,missing customer ID
567353,missing customer ID
567371,missing customer ID
567427,missing customer ID
C567479,missing customer ID
567335,missing customer ID
567364,missing customer ID
567668,missing customer ID
567539,missing customer ID
567667,missing customer ID
567670,missing customer ID
567645,missing customer ID
567665,missing customer ID
567629,missing customer ID
C567713,missing customer ID
567693,missing customer ID
567671,missing customer ID
567680,missing customer ID
567673,missing customer ID
567695,missing customer ID
567719,missing customer ID
567696,missing customer ID
567674,missing customer ID
567694,missing customer ID
